miRNA,log2FC,q_value,effect_size
mir223,1.0710648640748013,3.7335420762657325e-06,0.6651234567901234
