Feature,Importance
mir146b,0.06662011877440475
mir146a,0.07025343353382196
mir155,0.10647192451289873
mir223,0.18397375116061226
mir381p,0.21958697855468634
mir203,0.353093793463576
