,statistic,p_value
RQ_mir146a,0.8170256371621931,2.9691063700827117e-10
RQ_mir146b,0.8519317052326618,5.309959004112233e-09
RQ_mir155,0.9018837908072916,7.78518548373242e-07
RQ_mir203,0.7571318655419386,4.4614600416846064e-12
RQ_mir223,0.7411790589768614,1.6465967245235874e-12
RQ_mir381p,0.7754974841123764,1.4883561909276494e-11
