{
  "dataset_info": {
    "total_samples": 108,
    "groups": [
      "S",
      "G",
      "P"
    ],
    "mirnas_analyzed": [
      "mir146a",
      "mir146b",
      "mir155",
      "mir203",
      "mir223",
      "mir381p"
    ],
    "clinical_variables": [
      "plaque_index",
      "gingival_index",
      "pocket_depth",
      "bleeding_on_probing",
      "number_of_missing_teeth"
    ],
    "analysis_date": "2025-07-17T04:04:29.029869"
  },
  "group_statistics": {
    "S": {
      "n_samples": 36,
      "mean_age": 24.305555555555557,
      "sex_distribution": {
        "F": 19,
        "M": 17
      },
      "plaque_index_mean": 0.44055555555555553,
      "plaque_index_median": 0.425,
      "plaque_index_std": 0.2409616975424511,
      "gingival_index_mean": 0.5005555555555554,
      "gingival_index_median": 0.525,
      "gingival_index_std": 0.23808695223677595,
      "pocket_depth_mean": 1.9772222222222215,
      "pocket_depth_median": 1.98,
      "pocket_depth_std": 0.20700049842743456,
      "bleeding_on_probing_mean": 5.781944444444443,
      "bleeding_on_probing_median": 6.25,
      "bleeding_on_probing_std": 3.067265715299861,
      "number_of_missing_teeth_mean": 0.3888888888888889,
      "number_of_missing_teeth_median": 0.0,
      "number_of_missing_teeth_std": 1.0495652917219118
    },
    "G": {
      "n_samples": 36,
      "mean_age": 22.444444444444443,
      "sex_distribution": {
        "F": 20,
        "M": 16
      },
      "plaque_index_mean": 1.0750000000000002,
      "plaque_index_median": 0.9450000000000001,
      "plaque_index_std": 0.5394256204519766,
      "gingival_index_mean": 1.2116666666666667,
      "gingival_index_median": 1.13,
      "gingival_index_std": 0.4042523964060077,
      "pocket_depth_mean": 2.2111111111111104,
      "pocket_depth_median": 2.175,
      "pocket_depth_std": 0.3168034792177076,
      "bleeding_on_probing_mean": 25.012222222222224,
      "bleeding_on_probing_median": 20.5,
      "bleeding_on_probing_std": 13.583070789165905,
      "number_of_missing_teeth_mean": 0.4444444444444444,
      "number_of_missing_teeth_median": 0.0,
      "number_of_missing_teeth_std": 0.9693722399999597
    },
    "P": {
      "n_samples": 36,
      "mean_age": 30.27777777777778,
      "sex_distribution": {
        "M": 18,
        "F": 18
      },
      "plaque_index_mean": 1.7394444444444441,
      "plaque_index_median": 1.69,
      "plaque_index_std": 0.5123444401931434,
      "gingival_index_mean": 1.6722222222222225,
      "gingival_index_median": 1.68,
      "gingival_index_std": 0.4062449022879187,
      "pocket_depth_mean": 3.918888888888889,
      "pocket_depth_median": 4.145,
      "pocket_depth_std": 0.6847013020404394,
      "bleeding_on_probing_mean": 64.34694444444445,
      "bleeding_on_probing_median": 66.19,
      "bleeding_on_probing_std": 18.755840967464653,
      "number_of_missing_teeth_mean": 1.1111111111111112,
      "number_of_missing_teeth_median": 1.0,
      "number_of_missing_teeth_std": 1.0358647947564745
    }
  },
  "data_quality": {
    "missing_values": {
      "GROUP": 0,
      "SEX": 0,
      "AGE": 0,
      "plaque_index": 0,
      "gingival_index": 0,
      "pocket_depth": 0,
      "bleeding_on_probing": 0,
      "number_of_missing_teeth": 0,
      "mean_mir146a": 0,
      "mean_mir146b": 0,
      "mean_mir155": 0,
      "mean_mir203": 0,
      "mean_mir223": 0,
      "mean_mir381p": 0,
      "mean_GAPDH": 0,
      "dCt_mir146a": 0,
      "dCt_mir146b": 0,
      "dCt_mir155": 0,
      "dCt_mir203": 0,
      "dCt_mir223": 0,
      "dCt_mir381p": 0,
      "ddCt_mir146a": 0,
      "ddCt_mir146b": 0,
      "ddCt_mir155": 0,
      "ddCt_mir203": 0,
      "ddCt_mir223": 0,
      "ddCt_mir381p": 0,
      "RQ_mir146a": 0,
      "RQ_mir146b": 0,
      "RQ_mir155": 0,
      "RQ_mir203": 0,
      "RQ_mir223": 0,
      "RQ_mir381p": 0
    },
    "data_types": {
      "GROUP": "object",
      "SEX": "object",
      "AGE": "int64",
      "plaque_index": "float64",
      "gingival_index": "float64",
      "pocket_depth": "float64",
      "bleeding_on_probing": "float64",
      "number_of_missing_teeth": "int64",
      "mean_mir146a": "float64",
      "mean_mir146b": "float64",
      "mean_mir155": "float64",
      "mean_mir203": "float64",
      "mean_mir223": "float64",
      "mean_mir381p": "float64",
      "mean_GAPDH": "float64",
      "dCt_mir146a": "float64",
      "dCt_mir146b": "float64",
      "dCt_mir155": "float64",
      "dCt_mir203": "float64",
      "dCt_mir223": "float64",
      "dCt_mir381p": "float64",
      "ddCt_mir146a": "float64",
      "ddCt_mir146b": "float64",
      "ddCt_mir155": "float64",
      "ddCt_mir203": "float64",
      "ddCt_mir223": "float64",
      "ddCt_mir381p": "float64",
      "RQ_mir146a": "float64",
      "RQ_mir146b": "float64",
      "RQ_mir155": "float64",
      "RQ_mir203": "float64",
      "RQ_mir223": "float64",
      "RQ_mir381p": "float64"
    }
  }
}