miRNA,Calibrator_Value
mir146a,0.43527777777777743
mir146b,0.4911111111111109
mir155,0.4449999999999995
mir203,0.9349999999999999
mir223,0.9302777777777779
mir381p,0.9555555555555559
