Variable,Kruskal_Wallis_Stat,P_Value,N_Groups,Significant,Q_Value,FDR_Significant
RQ_mir146a,45.604688732222975,1.2504538480147214e-10,3,True,1.5005446176176657e-10,True
RQ_mir146b,43.218629588345635,4.1228148074220406e-10,3,True,4.1228148074220406e-10,True
RQ_mir155,55.64445132504488,8.259636228254161e-13,3,True,2.4778908684762484e-12,True
RQ_mir203,56.52079955836505,5.329228226908117e-13,3,True,2.4778908684762484e-12,True
RQ_mir223,49.477134153602854,1.8037520112313113e-11,3,True,2.705628016846967e-11,True
RQ_mir381p,49.74200209388953,1.5800160038234128e-11,3,True,2.705628016846967e-11,True
